{"SC":{"moda":850.0,"mediana":653.0,"media":649.537652742256341,"desvio_padrao":97.233492793433058},"RS":{"moda":850.0,"mediana":650.0,"media":651.105142857142823,"desvio_padrao":95.136598413835699},"PR":{"moda":850.0,"mediana":650.0,"media":648.961294049682238,"desvio_padrao":98.607185913097723}}